login session started,05.05.2021 14:43:05
login session started,05.05.2021 14:44:43
login session started,05.05.2021 14:46:06
login session started,05.05.2021 14:46:21
user succesfully logged in,05.05.2021 14:46:28
user finished session,05.05.2021 14:46:34
login session started,05.05.2021 14:48:55
user succesfully logged in,05.05.2021 14:49:02
user finished session,05.05.2021 14:49:04
login session started,05.05.2021 16:19:01
user succesfully logged in,05.05.2021 16:19:11
login session started,05.05.2021 16:20:00
user succesfully logged in,05.05.2021 16:20:18
login session started,05.05.2021 16:22:44
user succesfully logged in,05.05.2021 16:22:50
login session started,05.05.2021 16:23:10
user succesfully logged in,05.05.2021 16:23:18
user finished session,05.05.2021 16:23:19
login session started,05.05.2021 16:24:55
user succesfully logged in,05.05.2021 16:25:05
user finished session,05.05.2021 16:25:28
login session started,24.05.2021 22:23:07
login session started,24.05.2021 22:24:19
login session started,24.05.2021 22:26:21
login session started,24.05.2021 22:33:14
login session started,24.05.2021 22:50:19
login session started,24.05.2021 22:50:59
login session started,24.05.2021 22:52:56
login session started,24.05.2021 22:54:02
login session started,24.05.2021 22:57:24
login session started,24.05.2021 22:58:43
login session started,24.05.2021 23:00:25
login session started,24.05.2021 23:37:52
login session started,25.05.2021 00:12:29
login session started,25.05.2021 00:15:25
login session started,25.05.2021 00:21:19
login session started,25.05.2021 00:24:49
login session started,25.05.2021 00:25:52
login session started,25.05.2021 11:59:43
login session started,25.05.2021 12:00:47
login session started,25.05.2021 12:01:34
login session started,25.05.2021 12:14:02
login session started,25.05.2021 12:16:44
account successfully created,25.05.2021 12:17:24
login session started,25.05.2021 12:17:24
login session started,25.05.2021 13:26:20
account successfully created,25.05.2021 13:26:34
login session started,25.05.2021 13:26:34
login session started,25.05.2021 13:31:01
account successfully created,25.05.2021 13:31:15
login session started,25.05.2021 13:31:15
login session started,25.05.2021 13:36:59
account successfully created,25.05.2021 13:37:18
login session started,25.05.2021 13:37:18
login session started,25.05.2021 13:39:31
login session started,25.05.2021 13:39:50
login session started,25.05.2021 13:50:29
login session started,25.05.2021 13:51:41
user succesfully logged in,25.05.2021 13:51:51
user finished session,25.05.2021 13:51:58
