login session started,25.05.2021 22:07:01
login session started,25.05.2021 22:13:33
login session started,25.05.2021 22:13:43
login session started,25.05.2021 22:16:43
login session started,25.05.2021 22:16:52
login session started,25.05.2021 22:17:05
login session started,25.05.2021 22:25:02
login session started,25.05.2021 22:25:13
login session started,25.05.2021 22:26:08
login session started,25.05.2021 22:26:19
login session started,25.05.2021 22:27:12
login session started,25.05.2021 22:27:26
login session started,25.05.2021 22:27:45
login session started,25.05.2021 22:27:52
login session started,25.05.2021 22:29:16
login session started,25.05.2021 22:29:25
login session started,25.05.2021 22:29:52
login session started,25.05.2021 22:30:01
login session started,25.05.2021 22:30:11
login session started,25.05.2021 22:30:54
login session started,25.05.2021 22:31:01
login session started,25.05.2021 22:31:35
login session started,25.05.2021 22:31:45
login session started,25.05.2021 22:36:44
login session started,25.05.2021 22:36:59
login session started,25.05.2021 22:37:25
login session started,25.05.2021 22:37:33
login session started,25.05.2021 22:37:47
user succesfully logged in,25.05.2021 22:37:54
user wwants to add a card,25.05.2021 22:38:07
login session started,25.05.2021 23:02:37
login session started,25.05.2021 23:02:47
login session started,25.05.2021 23:36:35
login session started,25.05.2021 23:36:47
login session started,25.05.2021 23:37:12
login session started,25.05.2021 23:37:22
login session started,25.05.2021 23:38:08
login session started,25.05.2021 23:38:29
login session started,25.05.2021 23:41:59
login session started,25.05.2021 23:42:16
login session started,25.05.2021 23:43:12
login session started,25.05.2021 23:43:21
login session started,25.05.2021 23:47:02
login session started,25.05.2021 23:47:25
login session started,25.05.2021 23:52:35
login session started,25.05.2021 23:56:24
login session started,25.05.2021 23:58:25
login session started,25.05.2021 23:59:58
login session started,26.05.2021 00:00:49
login session started,26.05.2021 00:02:22
